{
    "version": "3.0", 
    "name": "Piano", 
    "peaks": {
        "C3": [
            [
                "C2", 
                {
                    "C3": 28.004969759079852, 
                    "A3": 17.269437130580481, 
                    "G3": 24.685225031268569, 
                    "D#3": 20.15889032398589, 
                    "E3": 16.009787245888663
                }
            ], 
            [
                "C2", 
                {
                    "G3": 29.463384664102964, 
                    "A3": 19.393343335877379, 
                    "B2": 17.35424729725862, 
                    "C3": 32.862199982340989, 
                    "D#3": 22.17063054648462, 
                    "E3": 17.057423002519855
                }
            ], 
            [
                "C2", 
                {
                    "G3": 34.957578427616205, 
                    "G#3": 44.43332474176475, 
                    "D#3": 27.326900627590589, 
                    "A3": 23.803948859376458, 
                    "C3": 44.903035151832931, 
                    "D3": 44.759610614519055
                }
            ], 
            [
                "C2", 
                {
                    "G3": 34.957578427616205, 
                    "G#3": 44.43332474176475, 
                    "D#3": 27.326900627590589, 
                    "A3": 23.803948859376458, 
                    "C3": 44.903035151832931, 
                    "D3": 44.759610614519055
                }
            ], 
            [
                "C2", 
                {
                    "G3": 34.971298454744051, 
                    "A3": 23.829167440271704, 
                    "B2": 22.030976307517324, 
                    "C3": 44.19464096313785, 
                    "D#3": 27.21102786395527, 
                    "E3": 18.509439956881149
                }
            ], 
            [
                "C2", 
                {
                    "C3": 38.973576201644917, 
                    "A3": 21.619969125096496, 
                    "G3": 31.807013001069596, 
                    "D#3": 24.838869997921389, 
                    "E3": 17.192216735096554
                }
            ], 
            [
                "C2", 
                {
                    "C3": 38.973576201644917, 
                    "A3": 21.619969125096496, 
                    "G3": 31.807013001069596, 
                    "D#3": 24.838869997921389
                }
            ], 
            [
                "C2", 
                {
                    "C3": 38.973576201644917, 
                    "A3": 21.619969125096496, 
                    "G3": 31.807013001069596, 
                    "D#3": 24.838869997921389, 
                    "E3": 17.192216735096554
                }
            ], 
            [
                "C2", 
                {
                    "C3": 38.973576201644917, 
                    "A3": 21.619969125096496, 
                    "G3": 31.807013001069596, 
                    "D#3": 24.838869997921389
                }
            ]
        ], 
        "D3": [
            [
                "D2", 
                {
                    "F3": 20.1452634929738, 
                    "A#3": 36.252125286078261, 
                    "A3": 32.902637295430573, 
                    "A4": 26.39043797545914, 
                    "D3": 45.021713641378703, 
                    "E3": 40.986060790699391
                }
            ], 
            [
                "D2", 
                {
                    "F3": 20.358922217714607, 
                    "A#3": 36.145203529947061, 
                    "A3": 32.966407079813294, 
                    "A4": 25.522602586483995, 
                    "D3": 43.497837166142062, 
                    "E3": 40.368879950752607
                }
            ], 
            [
                "D2", 
                {
                    "F3": 20.146756943698758, 
                    "A#3": 36.251786017400342, 
                    "A3": 32.902344067881025, 
                    "A4": 26.513881065197523, 
                    "D3": 45.186249464662787, 
                    "E3": 40.894629880406974
                }
            ], 
            [
                "D2", 
                {
                    "F3": 20.146756943698758, 
                    "A#3": 36.251786017400342, 
                    "A3": 32.902344067881025, 
                    "A4": 26.513881065197523, 
                    "D3": 45.186249464662787, 
                    "E3": 40.894629880406974
                }
            ], 
            [
                "D2", 
                {
                    "F3": 20.199424899521482, 
                    "A#3": 36.225225212706505, 
                    "A3": 32.918433127751477, 
                    "A4": 26.235200673084545, 
                    "D3": 44.723012434211583, 
                    "E3": 40.786050125566483
                }
            ], 
            [
                "D2", 
                {
                    "F3": 20.199424899521482, 
                    "A#3": 36.225225212706505, 
                    "A3": 32.918433127751477, 
                    "A4": 26.235200673084545, 
                    "D3": 44.723012434211583, 
                    "E3": 40.786050125566483
                }
            ], 
            [
                "D2", 
                {
                    "F3": 20.199424899521482, 
                    "A#3": 36.225225212706505, 
                    "A3": 32.918433127751477, 
                    "A4": 26.235200673084545, 
                    "D3": 44.723012434211583, 
                    "E3": 40.786050125566483
                }
            ], 
            [
                "D2", 
                {
                    "F3": 20.199424899521482, 
                    "A#3": 36.225225212706505, 
                    "A3": 32.918433127751477, 
                    "A4": 26.235200673084545, 
                    "D3": 44.723012434211583, 
                    "E3": 40.786050125566483
                }
            ]
        ], 
        "D#3": [
            [
                "D#2", 
                {
                    "A#3": 29.612900757966177, 
                    "D3": 25.976395171954557, 
                    "F3": 28.652019032734028, 
                    "D#3": 45.859740797456496, 
                    "G2": 25.671853514132017
                }
            ], 
            [
                "D#2", 
                {
                    "A#3": 29.612900757966177, 
                    "D3": 25.976395171954557, 
                    "F3": 28.650639179646518, 
                    "D#3": 45.859740797456496, 
                    "G2": 25.671853514132017
                }
            ], 
            [
                "D#2", 
                {
                    "A#3": 29.612900757966177, 
                    "D3": 25.976395171954557, 
                    "F3": 28.650639179646518, 
                    "D#3": 45.859740797456496, 
                    "G2": 25.671853514132017
                }
            ], 
            [
                "D#2", 
                {
                    "A#3": 29.612900757966177, 
                    "D3": 25.976395171954561, 
                    "F3": 26.564367261790974, 
                    "D#3": 45.388441875382981, 
                    "G2": 25.671853514132021
                }
            ], 
            [
                "D#2", 
                {
                    "A#3": 29.612900757966177, 
                    "D3": 25.976395171954561, 
                    "F3": 26.564367261790974, 
                    "D#3": 45.388441875382981, 
                    "G2": 25.671853514132021
                }
            ], 
            [
                "D#2", 
                {
                    "F3": 26.564367261790974, 
                    "D#3": 45.388441875382981
                }
            ]
        ],