{
    "version": "3.0", 
    "name": "Piano", 
    "peaks": {
        "F3": [
            [
                "E3", 
                {
                    "F3": 29.333189717982421, 
                    "F4": 24.311121788677443, 
                    "G2": 6.4654736242946838, 
                    "C#3": 10.810260445425399, 
                    "D#3": 14.199413306278176, 
                    "A#2": 9.034204849134829, 
                    "A3": 5.8671788998687573, 
                    "G#2": 7.7390082243803597, 
                    "G3": 9.0036901196482511, 
                    "F#3": 17.071407690117265, 
                    "B2": 9.9527585155615093, 
                    "E5": 21.157765066311192, 
                    "E4": 28.339841750590402, 
                    "D#4": 10.944529623689538, 
                    "A2": 8.9416053777195756, 
                    "D3": 8.705366926865473, 
                    "E3": 26.552083121464417, 
                    "C3": 10.460965758488635
                }
            ]
        ], 
        "F#4": [
            [
                "F#3", 
                {
                    "G#3": 24.770517789377692, 
                    "G#4": 13.718483136603131, 
                    "G5": 8.2055321882116754, 
                    "G4": 33.43374437282948, 
                    "F#4": 54.877153257218133, 
                    "F#5": 24.842016710310595, 
                    "A3": 11.95425593492299, 
                    "C3": 12.673579323707582, 
                    "E4": 16.0926657696393, 
                    "D#4": 10.010429145135237, 
                    "D#3": 14.567392554453253, 
                    "E3": 12.377771383457373, 
                    "C4": 7.1101241633483534, 
                    "C#5": 7.5646569268937451, 
                    "C#4": 7.6769882495838582, 
                    "C#3": 13.304465915782426, 
                    "A#3": 9.2955148722667928, 
                    "A#2": 10.884010500855831, 
                    "F#3": 33.19174142318554, 
                    "A#5": 17.401186929690123, 
                    "G3": 41.166933188231795, 
                    "F3": 17.449299309083301, 
                    "F4": 14.873302148445338, 
                    "B2": 11.950136069319072, 
                    "B3": 11.135422735900114, 
                    "D4": 10.053098354039895, 
                    "D3": 12.875749751760068
                }
            ]
        ], 
        "C#4": [
            [
                "C#3", 
                {
                    "G#2": 8.5694956536048057, 
                    "G#4": 34.434480974987167, 
                    "F#2": 7.8796788499845825, 
                    "G4": 13.093777382549547, 
                    "F#4": 9.1843852223208469, 
                    "G2": 8.2906535799197147, 
                    "A3": 8.1824028714579544, 
                    "A2": 8.9126681516666206, 
                    "A4": 18.052562370155634, 
                    "E5": 4.0632361017231089, 
                    "D#4": 14.889306026371685, 
                    "D#2": 6.41103377936959, 
                    "D#3": 17.559257751535554, 
                    "C5": 5.7566136752389472, 
                    "E2": 6.7656480482851888, 
                    "C#4": 44.453846623498045, 
                    "C#3": 18.546054227140552, 
                    "A#3": 9.2948670558040831, 
                    "A#2": 7.7224175824408405, 
                    "F#3": 7.4213133745745727, 
                    "A#4": 7.1374423047543871, 
                    "F2": 7.2041191261028867, 
                    "F3": 7.3953065840526691, 
                    "F5": 23.884973724952918, 
                    "B4": 5.7113630266095452, 
                    "E3": 10.335641976284451, 
                    "D4": 37.482230395302452, 
                    "C4": 15.804481168901624, 
                    "D3": 21.668554663105102
                }
            ]
        ], 
        "A3": [
            [
                "G#3", 
                {
                    "G4": 13.21673260644139, 
                    "F3": 13.659808105550104, 
                    "G3": 18.18728711100686, 
                    "B3": 13.578182403535243, 
                    "G#3": 40.471268611431498, 
                    "A#3": 28.948226418414219, 
                    "A3": 43.250712535998588, 
                    "F#3": 18.2225160663249, 
                    "G#5": 7.4834184263514416, 
                    "A4": 21.750201877682027, 
                    "A#4": 6.8992595066810942, 
                    "D3": 12.77549340222104, 
                    "G#4": 38.108056031621658
                }
            ]
        ], 
        "G#3": [
            [
                "G3", 
                {
                    "F3": 20.300756792247284, 
                    "G3": 51.780329676980905, 
                    "A3": 30.391030186994858, 
                    "C#3": 9.7986754638837219, 
                    "D#3": 13.268815775090498, 
                    "A#3": 13.870867265454093, 
                    "G#3": 61.90693161435491, 
                    "G#2": 7.0887201898706325, 
                    "A4": 4.7284902575033634, 
                    "C3": 8.8945741362456427, 
                    "D3": 10.927894367842892, 
                    "E3": 17.908679275185232
                }
            ]
        ], 
        "G4": [
            [
                "E3", 
                {
                    "G4": 20.344961489744747, 
                    "G3": 12.490398469497213, 
                    "G#3": 8.4820641009481026, 
                    "A4": 10.055670135103744, 
                    "D#4": 9.886157660999574, 
                    "G#4": 18.736022964262741
                }
            ]
        ], 
        "A4": [
            [
                "D3", 
                {
                    "F#5": 12.245180246515018, 
                    "C5": 6.1302294570279772, 
                    "A4": 60.614232681996619
                }
            ], 
            [
                "A3", 
                {
                    "G#3": 17.731196729312984, 
                    "G#4": 24.795781505979516, 
                    "F#3": 22.15192618864366, 
                    "F#4": 21.744010608992667, 
                    "A3": 45.629117633721961, 
                    "A5": 11.223475900027706, 
                    "A4": 66.569811980089739, 
                    "E5": 20.263269080322591, 
                    "E4": 6.7248471872498801, 
                    "D#4": 7.203872224109185, 
                    "D#5": 5.5030716234142361, 
                    "C5": 8.8811146957589742, 
                    "C#5": 6.6226916972873751, 
                    "C#4": 7.1132737603769876, 
                    "A#3": 46.959308260254673, 
                    "G4": 20.651967483356742, 
                    "A#4": 34.961275471055316, 
                    "G3": 18.293845102574913, 
                    "B4": 14.976007516618552, 
                    "B3": 18.151222882037676, 
                    "D4": 7.3114363546824528, 
                    "D5": 5.6208226171171107
                }
            ]
        ], 
        "A#4": [
            [
                "D#3", 
                {
                    "G5": 22.162502663375246, 
                    "F#5": 5.0780475864201859, 
                    "C#5": 4.2043550019621092, 
                    "B4": 15.34577067501627, 
                    "A4": 16.549631631660723, 
                    "A#4": 32.352341063593848, 
                    "E4": 8.6275262248349822, 
                    "D#4": 8.5123862255982949, 
                    "D#5": 6.7011260292938069, 
                    "D3": 12.820709258978194, 
                    "C5": 6.2785260933790834
                }
            ], 
            [
                "A#3", 
                {
                    "G4": 8.5018243816872108, 
                    "F3": 10.417514794611739, 
                    "G3": 16.098212832833553, 
                    "F5": 28.141833083205274,