{
    "version": "2.0", 
    "name": "Piano", 
    "peaks": {
        "C#5": [
            [
                "C#5", 
                {
                    "D5": 0.41710360594944207, 
                    "C#6": 0.14555538828410802, 
                    "B4": 0.18603782144809825, 
                    "A4": 0.12365666907473588, 
                    "A#4": 0.13417449209301263, 
                    "D#5": 0.15328634547929881, 
                    "C5": 0.37927856661750553
                }
            ]
        ], 
        "C#4": [
            [
                "C#3", 
                {
                    "G#3": 0.20237380082506393, 
                    "G#2": 0.13680917210677784, 
                    "G#4": 1.0270204216626198, 
                    "F#2": 0.10001261101956502, 
                    "G4": 0.30060458564069426, 
                    "F#4": 0.13309359150952096, 
                    "G2": 0.13115283998626101, 
                    "A3": 0.2143012340393749, 
                    "A2": 0.17731508669778193, 
                    "A4": 0.53300062740197884, 
                    "C3": 0.22832166113383626, 
                    "E4": 0.15490512808420248, 
                    "D#4": 0.24404819235540759, 
                    "D#3": 0.4716745540560987, 
                    "C5": 0.12621328772051671, 
                    "C4": 0.42963402927884609, 
                    "C#5": 0.37107317610954521, 
                    "C#3": 0.58529110528458539, 
                    "A#3": 0.27308819266646839, 
                    "A#2": 0.18999404602054171, 
                    "F#3": 0.16450213598389793, 
                    "A#4": 0.21654879282494563, 
                    "G3": 0.18807351396536326, 
                    "F3": 0.14064567512467313, 
                    "F5": 0.23411048886628061, 
                    "F6": 0.10282240950122758, 
                    "B4": 0.12541247428125266, 
                    "E3": 0.25203879301071691, 
                    "B2": 0.1760521907099909, 
                    "B3": 0.42215637865094785, 
                    "D4": 0.93780620173756946, 
                    "D5": 0.13830935589712579, 
                    "D3": 0.63345162782613207
                }
            ], 
            [
                "C#4", 
                {
                    "F3": 0.10134446184405246, 
                    "F4": 0.12948196037348242, 
                    "C#5": 0.51600287788530974, 
                    "A3": 0.17388002475210587, 
                    "A#3": 0.21819142301264458, 
                    "C4": 0.37018761700354402, 
                    "G#3": 0.14677565975499657, 
                    "F#4": 0.10235800119260272, 
                    "G#5": 0.10924669704507389, 
                    "F#3": 0.1118341600164315, 
                    "B3": 0.33263365301493103, 
                    "E4": 0.18195420739137347, 
                    "D4": 0.99040022357104618, 
                    "D5": 0.17819931998911315, 
                    "D#4": 0.30856906381632487, 
                    "C5": 0.19102714877869464, 
                    "G3": 0.12757231343976183
                }
            ]
        ], 
        "A#3": [
            [
                "A2", 
                {
                    "G#3": 0.37719009363031486, 
                    "G#2": 0.16698890444346287, 
                    "G#4": 0.24754259618853189, 
                    "F#2": 0.11110915912204425, 
                    "G4": 0.16352755158975196, 
                    "F#4": 0.1962265567904696, 
                    "G2": 0.11188353966999758, 
                    "A3": 0.76888265375821285, 
                    "A2": 0.23367564099200841, 
                    "A4": 0.49276623035512712, 
                    "C3": 0.19504044890874644, 
                    "E4": 0.65433472067855758, 
                    "D#4": 0.31100792254519749, 
                    "D#2": 0.11154485596623555, 
                    "D#3": 0.1534833607683227, 
                    "E3": 0.17614694507096598, 
                    "E2": 0.12347822082512587, 
                    "C#5": 0.16042871274053186, 
                    "C#4": 0.17819779894183896, 
                    "C#3": 0.14689190213907619, 
                    "A#2": 0.31137923488210645, 
                    "F#3": 0.26464242688891676, 
                    "A#4": 0.25251154648787272, 
                    "G3": 0.37170485523826008, 
                    "F2": 0.12903660103082437, 
                    "F3": 0.19187711505324986, 
                    "F4": 0.64392763086858984, 
                    "B2": 0.27331809879564228, 
                    "B3": 0.40483677443871702, 
                    "D4": 0.19373691265914658, 
                    "C4": 0.23438943771834853, 
                    "D3": 0.13198789418029661
                }
            ]
        ], 
        "A5": [
            [
                "A5", 
                {}
            ]
        ], 
        "A4": [
            [
                "A3", 
                {
                    "G4": 0.18981095346507743, 
                    "F3": 0.12694009804409295, 
                    "G3": 0.22499989314991506, 
                    "B3": 0.27674974631558336, 
                    "A3": 0.55434193260915765, 
                    "A#3": 0.56094477440062529, 
                    "G#3": 0.24262893446935979, 
                    "F#3": 0.18260956917799531, 
                    "A5": 0.10661126788523113, 
                    "E3": 0.11052458231324666, 
                    "A#4": 0.43534584661122772, 
                    "E5": 0.14541736985461323, 
                    "F#4": 0.11961631740172975, 
                    "C4": 0.10009400073334149, 
                    "B4": 0.17971895489341955, 
                    "C5": 0.11284587585840751, 
                    "G#4": 0.34734281191476746
                }
            ], 
            [
                "A4", 
                {
                    "G4": 0.22595445049707819, 
                    "F#4": 0.1606028909739883, 
                    "B4": 0.18427446336267042, 
                    "A5": 0.27689439429139173, 
                    "G#4": 0.42741240465525032, 
                    "A#4": 0.56280112585861009, 
                    "F4": 0.13496191053866383, 
                    "E6": 0.12421382239309894, 
                    "C5": 0.1261966643048141
                }
            ]
        ], 
        "C6": [
            [
                "C6", 
                {
                    "B5": 0.15580897616560624, 
                    "G#3": 0.10289923043373929, 
                    "C#6": 0.10582331051307761, 
                    "G3": 0.11741207101848485
                }
            ]
        ], 
        "C5": [
            [
                "C4", 
                {
                    "B4": 0.40073281276450506, 
                    "G5": 0.21474834947562288, 
                    "G4": 0.10458552781090387, 
                    "F4": 0.1073625385274152, 
                    "C#5": 0.38698654958104423, 
                    "C#4": 0.47325592143018963, 
                    "G#4": 0.11775858898927018, 
                    "A#3": 0.1273390974050683, 
                    "F#4": 0.11520183577882076, 
                    "A4": 0.16125659091120126, 
                    "A#4": 0.21792534703397215, 
                    "E4": 0.13354777918874405, 
                    "D#4": 0.14072463374256658, 
                    "D5": 0.15512331482002259, 
                    "D4": 0.2099864451826555, 
                    "C4": 0.42499723769168674
                }
            ], 
            [
                "C5", 
                {
                    "C#5": 0.38841790274348009, 
                    "B4": 0.38701290211779393, 
                    "A4": 0.10400641124094791, 
                    "A#4": 0.15929074057760423, 
                    "D5": 0.16083756844221833, 
                    "C6": 0.10876948736894237
                }
            ]
        ],